BIN,BBL,Name,Actor,Address,Building Use,Land Use Code,Building Class,Construction Year,PLUTO Year Built,Roof Height,Floors,Residential Units,Total Units,Building Area (sq ft),Lot Area (sq ft),Commercial Area (sq ft),Residential Area (sq ft),Office Area (sq ft),Retail Area (sq ft),Other Area (sq ft),Zoning District,Community District,Zip Code,Historic District,Landmark,Proposed Use,Scenario,Groups Impacted,Impact Notes
1040750,1.01E+09,NYC Health + Hospitals/Coler,NYC Health + Hospitals/Coler,900 MAIN STREET,Public Facilities & Institutions,8,I1,1900,1900,113.7,8,0,1,661538,490397,661538,0,0,0,661538,R7-2,108,10044,,,,,,
1077365,1.01E+09,"40 River Road, Manhattan Park",Manhattan Park,MAIN STREET,Multi-Family Elevator Buildings,3,D4,1975,1975,186.62,18,8018,8088,4786701,4227757,1046956,3739745,7496,537154,95806,R7-2,108,10044,,INDIVIDUAL LANDMARK,,,,
1083198,1.01E+09,Blackwell House,,475 MAIN STREET,Multi-Family Elevator Buildings,3,D3,1975,2003,34,16,258,258,211000,35918,0,211000,0,0,0,R7-2,108,10044,,INDIVIDUAL LANDMARK,,,,
1083200,1.01E+09,Episcopal Church of the Good Shepherd,,531 MAIN STREET,Multi-Family Elevator Buildings,3,D4,1975,1975,50.53,20,365,368,683637,97913,11972,671665,3472,8500,0,R7-2,108,10044,,INDIVIDUAL LANDMARK,,,,
1083201,1.01E+09,Island House 3,Island House,MAIN STREET,Multi-Family Elevator Buildings,3,D4,1975,1975,38.86,18,8018,8088,4786701,4227757,1046956,3739745,7496,537154,95806,R7-2,108,10044,,INDIVIDUAL LANDMARK,,,,
1083202,1.01E+09,The Landings,The Landings,MAIN STREET,Multi-Family Elevator Buildings,3,D4,1969,1975,105,18,8018,8088,4786701,4227757,1046956,3739745,7496,537154,95806,R7-2,108,10044,,INDIVIDUAL LANDMARK,,,,
1083203,1.01E+09,Westview - South,Westview,MAIN STREET,Multi-Family Elevator Buildings,3,D4,1975,1975,14.27,18,8018,8088,4786701,4227757,1046956,3739745,7496,537154,95806,R7-2,108,10044,,INDIVIDUAL LANDMARK,,,,
1083204,1.01E+09,"4 River Road, Manhattan Park",Manhattan Park,MAIN STREET,Multi-Family Elevator Buildings,3,D4,1975,1975,144.4845,18,8018,8088,4786701,4227757,1046956,3739745,7496,537154,95806,R7-2,108,10044,,INDIVIDUAL LANDMARK,,,,
1083205,1.01E+09,Manhattan Park Management Office,Manhattan Park,MAIN STREET,Multi-Family Elevator Buildings,3,D4,1975,1975,32.86,18,8018,8088,4786701,4227757,1046956,3739745,7496,537154,95806,R7-2,108,10044,,INDIVIDUAL LANDMARK,,,,
1083206,1.01E+09,"30 River Road, Manhattan Park",Manhattan Park,MAIN STREET,Multi-Family Elevator Buildings,3,D4,1975,1975,185,18,8018,8088,4786701,4227757,1046956,3739745,7496,537154,95806,R7-2,108,10044,,INDIVIDUAL LANDMARK,,,,
1083208,1.01E+09,"20 River Road, Manhattan Park",Manhattan Park,MAIN STREET,Multi-Family Elevator Buildings,3,D4,1975,1975,185,18,8018,8088,4786701,4227757,1046956,3739745,7496,537154,95806,R7-2,108,10044,,INDIVIDUAL LANDMARK,,,,
1083211,1.01E+09,Motorgate Parking,,MAIN STREET,Multi-Family Elevator Buildings,3,D4,1975,1975,71,18,8018,8088,4786701,4227757,1046956,3739745,7496,537154,95806,R7-2,108,10044,,INDIVIDUAL LANDMARK,,,,
1083213,1.01E+09,FDNY Station,Fire Department of New York,MAIN STREET,Multi-Family Elevator Buildings,3,D4,1975,1975,18.57,18,8018,8088,4786701,4227757,1046956,3739745,7496,537154,95806,R7-2,108,10044,,INDIVIDUAL LANDMARK,,,,
1083214,1.01E+09,Rivercross Courtyard,Rivercross,531 MAIN STREET,Multi-Family Elevator Buildings,3,D4,1975,1975,11.04327,20,365,368,683637,97913,11972,671665,3472,8500,0,R7-2,108,10044,,INDIVIDUAL LANDMARK,,,,
1083215,1.01E+09,Roosevelt Island Library,Roosevelt Island Library,MAIN STREET,Multi-Family Elevator Buildings,3,D4,1975,1975,27,18,8018,8088,4786701,4227757,1046956,3739745,7496,537154,95806,R7-2,108,10044,,INDIVIDUAL LANDMARK,,,,
1083216,1.01E+09,The Child School - Middle School,The Child School / Legacy High School,531 MAIN STREET,Multi-Family Elevator Buildings,3,D4,1975,1975,177.53,20,365,368,683637,97913,11972,671665,3472,8500,0,R7-2,108,10044,,INDIVIDUAL LANDMARK,,,,
1083217,1.01E+09,"10 River Road, Manhattan Park",Manhattan Park,MAIN STREET,Multi-Family Elevator Buildings,3,D4,1975,1975,185.62,18,8018,8088,4786701,4227757,1046956,3739745,7496,537154,95806,R7-2,108,10044,,INDIVIDUAL LANDMARK,,,,
1084695,1.01E+09,The Landings,The Landings,510 MAIN STREET,Mixed Residential & Commercial Buildings,4,D6,1969,1969,178,16,1003,1017,804200,230012,35500,768700,0,35500,0,R7-2,108,10044,,,,,,
1084696,1.01E+09,The Landings,The Landings,MAIN STREET,Multi-Family Elevator Buildings,3,D4,1969,1975,49,18,8018,8088,4786701,4227757,1046956,3739745,7496,537154,95806,R7-2,108,10044,,INDIVIDUAL LANDMARK,,,,
1084698,1.01E+09,The Child School,The Child School / Legacy High School,MAIN STREET,Multi-Family Elevator Buildings,3,D4,1969,1975,43,18,8018,8088,4786701,4227757,1046956,3739745,7496,537154,95806,R7-2,108,10044,,INDIVIDUAL LANDMARK,,,,
1084699,1.01E+09,The Landings,The Landings,510 MAIN STREET,Mixed Residential & Commercial Buildings,4,D6,1969,1969,105,16,1003,1017,804200,230012,35500,768700,0,35500,0,R7-2,108,10044,,,,,,
1084702,1.01E+09,The Landings,The Landings,510 MAIN STREET,Mixed Residential & Commercial Buildings,4,D6,1969,1969,178,16,1003,1017,804200,230012,35500,768700,0,35500,0,R7-2,108,10044,,,,,,
1084704,1.01E+09,Island House 2,Island House,555 MAIN STREET,Mixed Residential & Commercial Buildings,4,RM,1975,1975,168,19,400,403,556913,118727,35165,521748,6344,16450,12371,R7-2,108,10044,,,,,,
1084706,1.01E+09,Island House 1,Island House,MAIN STREET,Multi-Family Elevator Buildings,3,D4,1975,1975,11.71,18,8018,8088,4786701,4227757,1046956,3739745,7496,537154,95806,R7-2,108,10044,,INDIVIDUAL LANDMARK,,,,
1084707,1.01E+09,Westview - Main,Westview,MAIN STREET,Multi-Family Elevator Buildings,3,D4,1975,1975,180.9499,18,8018,8088,4786701,4227757,1046956,3739745,7496,537154,95806,R7-2,108,10044,,INDIVIDUAL LANDMARK,,,,
1084848,1.01E+09,The Roosevelt Island School PS/IS 217,The Roosevelt Island School PS/IS 217,MAIN STREET,Multi-Family Elevator Buildings,3,D4,1975,1975,51.61,18,8018,8088,4786701,4227757,1046956,3739745,7496,537154,95806,R7-2,108,10044,,INDIVIDUAL LANDMARK,,,,
1085553,1.01E+09,The Sanctuary,,MAIN STREET,Multi-Family Elevator Buildings,3,D4,1975,1975,30,18,8018,8088,4786701,4227757,1046956,3739745,7496,537154,95806,R7-2,108,10044,,INDIVIDUAL LANDMARK,,,,
1086085,1.01E+09,The Octagon,The Octagon,MAIN STREET,Multi-Family Elevator Buildings,3,D4,1975,1975,125,18,8018,8088,4786701,4227757,1046956,3739745,7496,537154,95806,R7-2,108,10044,,INDIVIDUAL LANDMARK,,,,
1086203,1.01E+09,Riverwalk Crossing,Riverwalk Crossing,465 MAIN STREET,Multi-Family Elevator Buildings,3,D3,2003,2003,148,16,136,136,144000,52155,0,144000,0,0,0,R7-2,108,10044,,,,,,
1086204,1.01E+09,Riverwalk Crossing,Riverwalk Crossing,475 MAIN STREET,Multi-Family Elevator Buildings,3,D3,2003,2003,152,16,258,258,211000,35918,0,211000,0,0,0,R7-2,108,10044,,INDIVIDUAL LANDMARK,,,,
1087189,1.01E+09,Riverwalk Crossing,Riverwalk Crossing,455 MAIN STREET,Mixed Residential & Commercial Buildings,4,RM,2004,2004,182,16,230,232,188941,63845,4865,184076,0,4865,0,R7-2,108,10044,,,,,,
1087292,1.01E+09,Riverwalk Crossing,Riverwalk Crossing,425 MAIN STREET,Mixed Residential & Commercial Buildings,4,RM,2006,2006,184,16,216,218,195990,45544,10042,185948,0,10042,0,R7-2,108,10044,,,,,,
1087293,1.01E+09,Rivercross,Rivercross,MAIN STREET,Multi-Family Elevator Buildings,3,D4,1975,1975,172.53,18,8018,8088,4786701,4227757,1046956,3739745,7496,537154,95806,R7-2,108,10044,,INDIVIDUAL LANDMARK,,,,
1087314,1.01E+09,Riverwalk Crossing,Riverwalk Crossing,405 MAIN STREET,Mixed Residential & Commercial Buildings,4,RM,2007,2007,193,16,242,243,212021,56268,2995,209026,0,0,2995,R7-2,108,10044,,,,,,
1087315,1.01E+09,Riverwalk Crossing,Riverwalk Crossing,415 MAIN STREET,Multi-Family Elevator Buildings,3,R4,2007,2007,190,16,123,123,126281,42307,0,126281,0,0,0,R7-2,108,10044,,,,,,
1088294,1.01E+09,SportsPark,Sportspark,MAIN STREET,Multi-Family Elevator Buildings,3,D4,1975,1975,20,18,8018,8088,4786701,4227757,1046956,3739745,7496,537154,95806,R7-2,108,10044,,INDIVIDUAL LANDMARK,,,,
1088295,1.01E+09,Public Restroom,,MAIN STREET,Multi-Family Elevator Buildings,3,D4,1975,1975,11,18,8018,8088,4786701,4227757,1046956,3739745,7496,537154,95806,R7-2,108,10044,,INDIVIDUAL LANDMARK,,,,
1088859,1.01E+09,Riverwalk Park,,460 MAIN STREET,Multi-Family Elevator Buildings,3,D3,2020,2019,195,21,342,343,255327,29861,2157,253170,1004,0,1153,R7-2,108,10044,,,,,,
1088860,1.01E+09,Riverwalk Heights,Roosevelt Island Operating Corporation,MAIN STREET,Mixed Residential & Commercial Buildings,4,D6,2023,2023,305,29,357,358,298459,20072,3650,294809,3650,0,0,R7-2,108,10044,,,,,,
1089262,1.01E+09,Tramway Utility Building?,,MAIN STREET,Multi-Family Elevator Buildings,3,D4,1975,1975,43,18,8018,8088,4786701,4227757,1046956,3739745,7496,537154,95806,R7-2,108,10044,,INDIVIDUAL LANDMARK,,,,
1089263,1.01E+09,AVAC Station,,MAIN STREET,Multi-Family Elevator Buildings,3,D4,1975,1975,35,18,8018,8088,4786701,4227757,1046956,3739745,7496,537154,95806,R7-2,108,10044,,INDIVIDUAL LANDMARK,,,,
1089264,1.01E+09,Roosevelt Island Steam Plant,Roosevelt Island Steam Plant,MAIN STREET,Multi-Family Elevator Buildings,3,D4,1975,1975,72,18,8018,8088,4786701,4227757,1046956,3739745,7496,537154,95806,R7-2,108,10044,,INDIVIDUAL LANDMARK,,,,
1089266,1.01E+09,Double Take,,MAIN STREET,Multi-Family Elevator Buildings,3,D4,1975,1975,32,18,8018,8088,4786701,4227757,1046956,3739745,7496,537154,95806,R7-2,108,10044,,INDIVIDUAL LANDMARK,,,,
1089267,1.01E+09,"Roosevelt Island Tramway ",Roosevelt Island Tramway,MAIN STREET,Multi-Family Elevator Buildings,3,D4,1975,1975,53,18,8018,8088,4786701,4227757,1046956,3739745,7496,537154,95806,R7-2,108,10044,,INDIVIDUAL LANDMARK,,,,
1089268,1.01E+09,Motorgate Parking Utility?,Motorgate Parking,MAIN STREET,Multi-Family Elevator Buildings,3,D4,1975,1975,10,18,8018,8088,4786701,4227757,1046956,3739745,7496,537154,95806,R7-2,108,10044,,INDIVIDUAL LANDMARK,,,,
1089269,1.01E+09,Roosevelt Island Pool Building,,MAIN STREET,Multi-Family Elevator Buildings,3,D4,1975,1975,21.08,18,8018,8088,4786701,4227757,1046956,3739745,7496,537154,95806,R7-2,108,10044,,INDIVIDUAL LANDMARK,,,,
1089270,1.01E+09,Roosevelt Island Subway Station,Roosevelt Island Subway Station,MAIN STREET,Multi-Family Elevator Buildings,3,D4,1975,1975,28.47,18,8018,8088,4786701,4227757,1046956,3739745,7496,537154,95806,R7-2,108,10044,,INDIVIDUAL LANDMARK,,,,
1089271,1.01E+09,Strecker Memorial Laboratory,,MAIN STREET,Multi-Family Elevator Buildings,3,D4,1975,1975,33,18,8018,8088,4786701,4227757,1046956,3739745,7496,537154,95806,R7-2,108,10044,,INDIVIDUAL LANDMARK,,,,
1089272,1.01E+09,UNKNOWN - WEST OF PONY FIELD,,MAIN STREET,Multi-Family Elevator Buildings,3,D4,1975,1975,15,18,8018,8088,4786701,4227757,1046956,3739745,7496,537154,95806,R7-2,108,10044,,INDIVIDUAL LANDMARK,,,,
1089274,1.01E+09,,,MAIN STREET,Multi-Family Elevator Buildings,3,D4,1975,1975,15,18,8018,8088,4786701,4227757,1046956,3739745,7496,537154,95806,R7-2,108,10044,,INDIVIDUAL LANDMARK,,,,
1089275,1.01E+09,Roosevelt Island Racquet Club,Roosevelt Island Racquet Club,MAIN STREET,Multi-Family Elevator Buildings,3,D4,1975,1975,38,18,8018,8088,4786701,4227757,1046956,3739745,7496,537154,95806,R7-2,108,10044,,INDIVIDUAL LANDMARK,,,,
1089279,1.01E+09,UNKNOWN - WEST OF COLER,NYC Health + Hospitals/Coler,MAIN STREET,Multi-Family Elevator Buildings,3,D4,1900,1975,14,18,8018,8088,4786701,4227757,1046956,3739745,7496,537154,95806,R7-2,108,10044,,INDIVIDUAL LANDMARK,,,,
1089280,1.01E+09,UNKNOWN - IN COLER,NYC Health + Hospitals/Coler,900 MAIN STREET,Public Facilities & Institutions,8,I1,1900,1900,10,8,0,1,661538,490397,661538,0,0,0,661538,R7-2,108,10044,,,,,,
1089281,1.01E+09,UNKNOWN - EAST OF COLER,NYC Health + Hospitals/Coler,900 MAIN STREET,Public Facilities & Institutions,8,I1,1900,1900,12,8,0,1,661538,490397,661538,0,0,0,661538,R7-2,108,10044,,,,,,
1089340,1.01E+09,Island House 4,Island House,MAIN STREET,Multi-Family Elevator Buildings,3,D4,1975,1975,110.0674,18,8018,8088,4786701,4227757,1046956,3739745,7496,537154,95806,R7-2,108,10044,,INDIVIDUAL LANDMARK,,,,
1089341,1.01E+09,The Landings,The Landings,510 MAIN STREET,Mixed Residential & Commercial Buildings,4,D6,1969,1969,178,16,1003,1017,804200,230012,35500,768700,0,35500,0,R7-2,108,10044,,,,,,
1089348,1.01E+09,The Room,,MAIN STREET,Multi-Family Elevator Buildings,3,D4,1975,1975,165.61,18,8018,8088,4786701,4227757,1046956,3739745,7496,537154,95806,R7-2,108,10044,,INDIVIDUAL LANDMARK,,,,
1089349,1.01E+09,,,MAIN STREET,Multi-Family Elevator Buildings,3,D4,,1975,0,18,8018,8088,4786701,4227757,1046956,3739745,7496,537154,95806,R7-2,108,10044,,INDIVIDUAL LANDMARK,,,,
1089538,1.01E+09,The House,The House,8 NORTH LOOP ROAD,,,Z9,2017,2015,285,1,0,1,10753,11327,10753,0,0,0,10753,C4-5,108,10044,,,,,,
1089785,1.01E+09,Tata Innovation Center,Tata Innovation Center,11 EAST LOOP ROAD,Commercial & Office Buildings,5,RC,2017,2015,106,6,0,4,165343,65112,165343,0,158684,6659,0,C4-5,108,10044,,,,,,
1089982,1.01E+09,Roosevelt Island Historical Society Visitor Center Kiosk,Roosevelt Island Historical Society,MAIN STREET,Multi-Family Elevator Buildings,3,D4,,1975,14.15056,18,8018,8088,4786701,4227757,1046956,3739745,7496,537154,95806,R7-2,108,10044,,INDIVIDUAL LANDMARK,,,,
1090009,1.01E+09,Riverwalk Point,,MAIN STREET,Multi-Family Elevator Buildings,3,D4,2014,1975,213,18,8018,8088,4786701,4227757,1046956,3739745,7496,537154,95806,R7-2,108,10044,,INDIVIDUAL LANDMARK,,,,
1090045,1.01E+09,Smallpox Memorial Hospital,,MAIN STREET,Multi-Family Elevator Buildings,3,D4,,1975,36.58219,18,8018,8088,4786701,4227757,1046956,3739745,7496,537154,95806,R7-2,108,10044,,INDIVIDUAL LANDMARK,,,,
1090298,1.01E+09,Verizon Executive Education Center,Verizon Executive Education Center,22 NORTH LOOP ROAD,Commercial & Office Buildings,5,H2,2019,2018,80,19,0,197,142554,18555,,,,,,C4-5,108,10044,,,,,,
1090299,1.01E+09,The Bloomberg Center,The Bloomberg Center,2 WEST LOOP ROAD,Public Facilities & Institutions,8,W6,2017,2015,78,4,0,1,136878,71699,136878,0,0,0,136878,C4-5,108,10044,,,,,,
1090300,1.01E+09,Central Utility Plant,,MAIN STREET,Multi-Family Elevator Buildings,3,D4,2015,1975,38,18,8018,8088,4786701,4227757,1046956,3739745,7496,537154,95806,R7-2,108,10044,,INDIVIDUAL LANDMARK,,,,
1090301,1.01E+09,Graduate Hotel,Graduate Hotel,22 NORTH LOOP ROAD,Commercial & Office Buildings,5,H2,2020,2018,230,19,0,197,142554,18555,,,,,,C4-5,108,10044,,,,,,
1090953,1.01E+09,,,MAIN STREET,Multi-Family Elevator Buildings,3,D4,1872,1975,57,18,8018,8088,4786701,4227757,1046956,3739745,7496,537154,95806,R7-2,108,10044,,INDIVIDUAL LANDMARK,,,,