actor,abbrev,topic,type,scale,year_start,year_end,notes,public sentiment,present on island,hits,sentiment
Roosevelt Island Operating Corporation,RIOC,"GOVERNANCE, ECONOMIC, COMMUNITY, INFRASTRUCTURE, ECOLOGY, TRANSIT",PUBLIC,1 - MESO,1984,3000,,,1,100,0.0350
Urban Development Corporation,UDC,"ECONOMIC, GOVERNANCE, INFRASTRUCTURE, COMMUNITY, HOUSING",PUBLIC,2 - MACRO,1969,3000,,,,9,0.1112
Federal Government,,"COMMUNITY, HOUSING, TRANSIT, ECOLOGY, INFRASTRUCTURE, GOVERNANCE, ECONOMIC",PUBLIC,2 - MACRO,1789,3000,,,,13,-0.0835
New York State Government,NYS,"COMMUNITY, HOUSING, TRANSIT, ECOLOGY, INFRASTRUCTURE, GOVERNANCE, ECONOMIC",PUBLIC,2 - MACRO,1969,2078,(land lease),,,9,-0.0091
New York City Government,NYC,"COMMUNITY, HOUSING, TRANSIT, ECOLOGY, INFRASTRUCTURE, GOVERNANCE, ECONOMIC",PUBLIC,2 - MACRO,1828,3000,(re- fee ownership of Roosevelt Island),,,9,-0.1471
B.J. Jones,,"GOVERNANCE, ECONOMIC",PUBLIC,0 - MICRO,2025,3000,**As CEO of RIOC,,,6,0.1951
NYC City Council,,"GOVERNANCE, HOUSING, ECONOMIC",PUBLIC,1 - MESO,1938,3000,,,,6,0.0405
RIOC Board of Directors,,"GOVERNANCE, ECONOMIC",PUBLIC,1 - MESO,1984,3000,,,,9,0.0077
RIOC President & CEO,,GOVERNANCE,PUBLIC,0 - MICRO,1984,3000,,,,4,0.0000
NYS Division of Budget Director,,"ECONOMIC, GOVERNANCE",PUBLIC,0 - MICRO,1984,3000,,,,0,
NYS Homes and Community Renewal Chair,,"HOUSING, COMMUNITY, GOVERNANCE",PUBLIC,0 - MICRO,1984,3000,,,,0,
New York Police Department,,GOVERNANCE,PUBLIC,1 - MESO,1984,3000,,,,24,-0.0691
Fire Department of New York,,INFRASTRUCTURE,PUBLIC,1 - MESO,1882,3000,,,1,10,-0.0595
Metropolitan Transit Authority,,"TRANSIT, INFRASTRUCTURE, GOVERNANCE",PUBLIC,1 - MESO,1965,3000,,,,10,-0.1160
Economic Development Committee,,"ECONOMIC, GOVERNANCE",PUBLIC,1 - MESO,1991,3000,,,,5,0.1500
NYC Health + Hospitals,,"COMMUNITY, GOVERNANCE, ECOLOGY",PUBLIC,1 - MESO,1970,3000,,,,22,0.6643
The Atlantic Philantrophies,,"ECONOMIC, COMMUNITY",OTHER,1 - MESO,1982,2020,,,,0,
Bloomberg Philanthropies,,"ECONOMIC, COMMUNITY",OTHER,1 - MESO,2010,3000,,,,10,0.0586
Jamsetji Tata,,ECONOMIC,PRIVATE,0 - MICRO,1839,1904,,,,1,0.0000
Tata Group,,"ECONOMIC, INFRASTRUCTURE",PRIVATE,1 - MESO,2017,3000,,,,8,0.3201
Cornell University,,"COMMUNITY, ECONOMIC",PRIVATE,1 - MESO,1865,3000,,,,100,0.0919
Cornell Tech,,"COMMUNITY, ECONOMIC, INFRASTRUCTURE, ECOLOGY",PRIVATE,1 - MESO,2011,3000,,,1,100,0.0688
The Related Company,,"HOUSING, ECONOMIC, INFRASTRUCTURE",PRIVATE,1 - MESO,1997,3000,,,,0,
,,,,,,,,,,,
Roosevelt Island Associates,,"HOUSING, ECONOMIC",PRIVATE,1 - MESO,1982,3000,,,,0,
Becker + Becker,,"HOUSING, ECONOMIC, INFRASTRUCTURE, ECOLOGY",PRIVATE,1 - MESO,2003,2017,,,,1,0.0000
The Hudson Company,,,PRIVATE,1 - MESO,1986,3000,,,,0,
NYC Health + Hospitals/Coler,,"COMMUNITY, ECONOMIC, INFRASTRUCTURE, ECOLOGY",PUBLIC,1 - MESO,1952,3000,,,1,12,0.6643
The Octagon,,"HOUSING, ECONOMIC, ECOLOGY",PUBLIC,1 - MESO,1839,3000,,,1,16,-0.1024
Manhattan Park,,"ECONOMIC, HOUSING",PRIVATE,1 - MESO,1979,3000,,,1,37,0.1139
Northtown,,"COMMUNITY, HOUSING, INFRASTRUCTURE",COMMUNITY,1 - MESO,1969,3000,,,1,5,-0.0592
Southtown,,"COMMUNITY, HOUSING, INFRASTRUCTURE",COMMUNITY,1 - MESO,1969,3000,,,1,6,0.1255
The Bloomberg Center,,"ECONOMIC, ECOLOGY, INFRASTRUCTURE, COMMUNITY",PRIVATE,1 - MESO,2015,3000,,,1,42,0.1010
Graduate Hotel,,"ECONOMIC, COMMUNITY",PRIVATE,1 - MESO,2018,2025,,,1,39,0.0508
Verizon Executive Education Center,,"ECONOMIC, INFRASTRUCTURE, COMMUNITY",PRIVATE,1 - MESO,2015,3000,,,1,14,0.1741
Tata Innovation Center,,"ECONOMIC, INFRASTRUCTURE",PRIVATE,1 - MESO,2015,3000,,,1,21,0.3212
The House,,"HOUSING, ECOLOGY, INFRASTRUCTURE",PRIVATE,1 - MESO,2012,3000,,,1,44,0.1092
Sportspark,,"COMMUNITY, INFRASTRUCTURE",COMMUNITY,1 - MESO,1977,3000,,,1,8,0.1141
Roosevelt Island Racquet Club,,"ECONOMIC, INFRASTRUCTURE, COMMUNITY",COMMUNITY,1 - MESO,1992,3000,,,1,10,0.3431
Roosevelt Island Tramway,,"TRANSIT, INFRASTRUCTURE, ECONOMIC",PUBLIC,1 - MESO,1976,3000,,,1,40,0.0878
Roosevelt Island Steam Plant,,"INFRASTRUCTURE, ECOLOGY",PUBLIC,1 - MESO,1939,2014,,,1,13,-0.0728
Riverwalk Crossing,,"HOUSING, ECONOMIC",PRIVATE,1 - MESO,2007,3000,,,1,10,0.0741
Roosevelt Island Subway Station,,"TRANSIT, INFRASTRUCTURE",PUBLIC,1 - MESO,1989,3000,,,1,16,0.0127
Riverwalk Heights,,"HOUSING, ECONOMIC",PRIVATE,1 - MESO,2022,3000,,,1,10,0.0453
Riverwalk Park,,"HOUSING, ECONOMIC",PRIVATE,1 - MESO,2019,3000,,,,10,0.1487
Riverwalk Point,,"HOUSING, ECONOMIC",PRIVATE,1 - MESO,2015,3000,,,1,10,0.0354
Blackwell House,,"INFRASTRUCTURE, COMMUNITY",PUBLIC,1 - MESO,1804,3000,,,1,10,0.1361
Roosevelt Island Youth Center,,COMMUNITY,PUBLIC,1 - MESO,1878,3000,,,1,1,0.0000
St. Frances Xavier Cabrini Church,,COMMUNITY,PRIVATE,1 - MESO,1975,3000,,,1,4,0.1374
Roosevelt Island Library,,"COMMUNITY, INFRASTRUCTURE",PUBLIC,1 - MESO,1997,3000,,,1,10,0.0039
Rivercross,,"HOUSING, ECONOMIC",PRIVATE,1 - MESO,1975,3000,,,1,10,-0.1375
Island House,,"HOUSING, ECONOMIC",PRIVATE,1 - MESO,1975,3000,,,1,10,0.1644
Westview,,"HOUSING, ECONOMIC",PRIVATE,1 - MESO,1976,3000,,,1,10,0.0639
Roosevelt Island Senior Center,,COMMUNITY,PRIVATE,1 - MESO,1976,3000,,,1,8,0.0425
The Landings,,"HOUSING, COMMUNITY",PRIVATE,1 - MESO,1976,3000,,,1,10,0.0511
The Child School / Legacy High School,,"COMMUNITY, ECONOMIC",PRIVATE,1 - MESO,1973,3000,,,1,5,0.2854
The Roosevelt Island School PS/IS 217,,"COMMUNITY, INFRASTRUCTURE",PUBLIC,1 - MESO,1976,3000,,,1,0,
Foodtown,,"ECONOMIC, COMMUNITY",PRIVATE,1 - MESO,2020,3000,,,1,3,0.1646
Roosevelt Island Garden Club,RIGC,"COMMUNITY, ECOLOGY",COMMUNITY,1 - MESO,1984,3000,,,1,9,-0.1130
Welfare Island Development Corporation,WIDC,"GOVERNANCE, ECONOMIC, INFRASTRUCTURE, HOUSING",PUBLIC,1 - MESO,1973,1984,,,1,0,
Welfare Island Operating Corporation,WIOC,"GOVERNANCE, ECONOMIC, INFRASTRUCTURE",PUBLIC,1 - MESO,1969,1973,,,1,0,
Edward Logue,,"GOVERNANCE, HOUSING, ECONOMIC",PUBLIC,0 - MICRO,1921,2000,*President and CEO of NYS UDC 1968-1975,,,3,-0.1468
New York State Housing Finance Agency,HFA,"ECONOMIC, HOUSING, GOVERNANCE",PUBLIC,1 - MESO,1960,3000,,,,3,0.0987
New York City Housing Authority,NYCHA,"HOUSING, GOVERNANCE, ECONOMIC",PUBLIC,1 - MESO,1934,3000,,,,17,-0.0600
NYC Department of Public Works,DPW New York ,"INFRASTRUCTURE, GOVERNANCE",PUBLIC,1 - MESO,1938,1978,,,,0,
NYC Department of Transportation,NYC DOT,"INFRASTRUCTURE, TRANSIT, GOVERNANCE",PUBLIC,1 - MESO,1977,3000,,,,10,-0.0411
C&C Apartment Management,,"HOUSING, ECONOMIC",PRIVATE,1 - MESO,2022,3000,,,,0,
Starrett Housing Corporation,,"HOUSING, ECONOMIC",PRIVATE,1 - MESO,1970,1995,,,,2,-0.2633
Cohen Brothers Associates,,"HOUSING, ECONOMIC, INFRASTRUCTURE",PRIVATE,1 - MESO,1972,2014,,,,0,
New York Public Library ,NYPL,"COMMUNITY, INFRASTRUCTURE, GOVERNANCE",PUBLIC,1 - MESO,1895,3000,,,,42,0.1672
Roosevelt Island Public Safety Department,PSD,"COMMUNITY, GOVERNANCE",PUBLIC,1 - MESO,1984,3000,,,,4,-0.0986
Housing and Development Administration,HDA,"HOUSING, GOVERNANCE, ECONOMIC",PUBLIC,1 - MESO,1967,1977,,,,0,
"NYC Parks, Recreation, and Cultural Affairs Administration",PRCA,"COMMUNITY, ECOLOGY, GOVERNANCE, INFRASTRUCTURE",PUBLIC,1 - MESO,1968,1976,,,,0,
NYC Environmental Protection Administration,EPA,"ECOLOGY, INFRASTRUCTURE, GOVERNANCE",PUBLIC,1 - MESO,1968,1977,,,,0,
NYC Human Resources Administration,HRA,"COMMUNITY, ECONOMIC, GOVERNANCE",PUBLIC,1 - MESO,1966,3000,,,,0,
NYC Health Services Administration,HSA,"COMMUNITY, INFRASTRUCTURE, GOVERNANCE",PUBLIC,1 - MESO,1966,1977,*Management of Coler and Goldwater Hospitals transferred to NYC HHC in 1970,,,0,
NYC Transportation Administration,,"TRANSIT, INFRASTRUCTURE, GOVERNANCE",PUBLIC,1 - MESO,1966,1977,,,,0,
NYC Municipal Service Administration,MSA,"INFRASTRUCTURE, GOVERNANCE",PUBLIC,1 - MESO,1968,1977,,,,0,
NYC Finance Administration,,"ECONOMIC, GOVERNANCE",PUBLIC,1 - MESO,1966,1977,,,,0,
NYC Economic Development Administration,EDA,"ECONOMIC, GOVERNANCE",PUBLIC,1 - MESO,1966,1977,,,,0,
NYC Department of Housing Preservation and Development,HPD,"HOUSING, GOVERNANCE, ECONOMIC",PUBLIC,1 - MESO,1978,3000,,,,8,0.2121
NYC Parks,,"COMMUNITY, ECOLOGY, INFRASTRUCTURE, GOVERNANCE",PUBLIC,1 - MESO,1934,3000,*no active operations on roosevelt,,,33,0.2026
NYC Department of Cultural Affairs,NYC DCA,"COMMUNITY, ECONOMIC, GOVERNANCE",PUBLIC,1 - MESO,1976,3000,,,,1,0.3612
NYC Sanitation Department,DSNY,"INFRASTRUCTURE, ECOLOGY, GOVERNANCE",PUBLIC,1 - MESO,1975,3000,,,,1,0.7650
NYC Department of Health and Mental Hygiene,DOHMH,"COMMUNITY, GOVERNANCE",PUBLIC,1 - MESO,1866,3000,,,,7,0.3096
NYC Department of General Services,NYC DGS,"INFRASTRUCTURE, GOVERNANCE",PUBLIC,1 - MESO,1977,1996,,,,0,
NYC Department of Finance,NYC DOF,"ECONOMIC, GOVERNANCE, HOUSING",PUBLIC,1 - MESO,1828,3000,,,,2,-0.0640
NYC Department of Environmental Protection,NYC DEP,"ECOLOGY, INFRASTRUCTURE, GOVERNANCE",PUBLIC,1 - MESO,1977,3000,,,,7,0.0045
Empire State Development,ESD,"ECONOMIC, GOVERNANCE, INFRASTRUCTURE",PUBLIC,1 - MESO,1969,3000,,,,10,0.1523
Job Development Authority,JDA,"ECONOMIC, GOVERNANCE",PUBLIC,1 - MESO,1962,3000,,,,0,
Leitner-Poma of America,,"INFRASTRUCTURE, TRANSIT",PRIVATE,1 - MESO,2008,3000,,,,7,0.1893
"Skidmore, Owings & Merrill",SOM,"INFRASTRUCTURE, ECONOMIC",PRIVATE,1 - MESO,2012,3000,,,,14,0.0885
Morphosis,,"INFRASTRUCTURE, ECOLOGY, ECONOMIC",PRIVATE,1 - MESO,2012,2017,,,,14,0.1012
Weiss/Manfredi,,"INFRASTRUCTURE, ECONOMIC",PRIVATE,1 - MESO,2013,2017,,,,19,0.1082
Handel Architects,,"HOUSING, INFRASTRUCTURE, ECOLOGY",PRIVATE,1 - MESO,2012,2017,,,,14,0.1045
Snohetta,,"INFRASTRUCTURE, COMMUNITY, ECONOMIC",PRIVATE,1 - MESO,2016,2021,,,,10,0.0000
Cornell AAP,,"COMMUNITY, ECONOMIC",PRIVATE,1 - MESO,2017,3000,,,,10,0.0968
Department of Housing and Urban Development,HUD,HOUSING,PUBLIC,1 - MESO,1971,3000,,,,10,-0.0505
Urban Renewal Administration,URA,"HOUSING, GOVERNANCE, INFRASTRUCTURE",PUBLIC,1 - MESO,1954,1965,,,,0,
Public Housing Administration,PHA,"HOUSING, GOVERNANCE, ECONOMIC",PUBLIC,1 - MESO,1947,1965,,,,0,
Federal Housing Administration,FHA,"HOUSING, GOVERNANCE, ECONOMIC",PUBLIC,1 - MESO,1971,3000,"*started as an org in 1934, operating within HUD since 1965",,,3,0.1589
Fannie Mae (Federal National Mortgage Association),FNMA,"HOUSING, ECONOMIC, GOVERNANCE",PUBLIC,1 - MESO,1989,3000,,,,0,
National Housing Agency,NHA,"HOUSING, GOVERNANCE",PUBLIC,1 - MESO,1942,1947,,,,0,
Federal Public Housing Authority,FPHA,"HOUSING, GOVERNANCE",PUBLIC,1 - MESO,1942,1947,,,,0,
Federal Works Agency,,"INFRASTRUCTURE, GOVERNANCE, ECONOMIC",PUBLIC,1 - MESO,1939,1943,,,,0,
New Deal,,"GOVERNANCE, ECONOMIC, INFRASTRUCTURE",PUBLIC,2 - MACRO,1934,1943,,,,14,0.0959
Lyft,,TRANSIT,PRIVATE,1 - MESO,2020,3000,,,,3,-0.1589
Hornblower,,TRANSIT,PRIVATE,1 - MESO,2017,2028,,,,10,0.0000
New York City Emergency Management Department,NYCEM,"ECOLOGY, COMMUNITY",PUBLIC,1 - MESO,1996,3000,,,,1,0.0000
Roosevelt Island Community Garden,,"ECOLOGY, COMMUNITY",PRIVATE,1 - MESO,1992,3000,,,1,1,-0.6908
Wildlife freedom foundation ,,"COMMUNITY, ECOLOGY",PRIVATE,1 - MESO,2015,3000,,,,10,-0.0732
Island Cats,,"ECOLOGY, COMMUNITY",PRIVATE,1 - MESO,2005,2015,,,,6,0.0000
NYC Department of City Planning,NYCDCP,"GOVERNANCE, HOUSING, ECOLOGY",PUBLIC,1 - MESO,1938,3000,*start date is DCP's involvement on Roosevelt,,,9,-0.0105
Coler Coastal Resiliency Program ,,"ECOLOGY, INFRASTRUCTURE",PRIVATE,1 - MESO,2024,3000,,,,0,
Motorgate Parking,,"TRANSIT, INFRASTRUCTURE, ECONOMIC",PUBLIC,1 - MESO,1974,3000,,,1,7,-0.0458
Red Bus,,"TRANSIT, COMMUNITY",PUBLIC,1 - MESO,1975,3000,,,,10,-0.0513
Citibike,,TRANSIT,PRIVATE,1 - MESO,2020,3000,,,,1,0.6369
Roosevelt Island Bridge ,,"INFRASTRUCTURE, TRANSIT",PUBLIC,1 - MESO,1973,3000,,,1,54,-0.0137
Welfare Island Bridge,,"INFRASTRUCTURE, TRANSIT",PUBLIC,1 - MESO,1955,1973,,,1,1,0.0000
Astoria Ferry,,TRANSIT,PUBLIC,1 - MESO,2017,3000,*start date - started servicing roosevelt Island ,,1,15,0.0000
Cat Sanctuary,,ECOLOGY,PUBLIC,1 - MESO,2005,2015,,,,10,-0.0823
Roosevelt Island Green Spaces,,ECOLOGY,PUBLIC,1 - MESO,1975,3000,,,,0,
Four Freedoms Park Conservancy ,,"GOVERNANCE, ECOLOGY",PRIVATE,1 - MESO,2012,3000,,,,44,0.2692
NY State Parks,,"ECOLOGY, GOVERNANCE",PUBLIC,1 - MESO,2012,3000,,,,4,0.4738
FDR Four Freedoms State Park,,"INFRASTRUCTURE, ECOLOGY, COMMUNITY",PUBLIC,1 - MESO,2012,3000,,,1,38,0.2409
Neil Weissman,,"GOVERNANCE, ECOLOGY",PUBLIC,0 - MICRO,2017,3000,*as President of the Roosevelt Island Garden Club,,,0,
NYCEM Interim Flood Protection Measures,,ECOLOGY,PUBLIC,1 - MESO,2016,3000,,,,0,
Federal Emergency Management Agency,FEMA,"GOVERNANCE, ECOLOGY, ECONOMIC",PUBLIC,1 - MESO,1979,3000,*jurisdiction over Roosevelt Island,,,10,-0.1939
,,,,,,,,,,,
,,,,,,,,,,,
President of the United States,,,PUBLIC,1 - MESO,,,,,,31,0.0785
Woodrow Wilson,,GOVERNANCE,PUBLIC,0 - MICRO,1913,1921,,,,9,0.0370
Warren G. Harding,,GOVERNANCE,PUBLIC,0 - MICRO,1921,1923,,,,1,-0.2500
Calvin Coolidge,,GOVERNANCE,PUBLIC,0 - MICRO,1923,1929,,,,3,0.4060
Herbert Hoover,,GOVERNANCE,PUBLIC,0 - MICRO,1929,1933,,,,10,0.0554
Franklin D. Roosevelt,,GOVERNANCE,PUBLIC,0 - MICRO,1933,1945,,,,59,0.1702
Harry S. Truman,,GOVERNANCE,PUBLIC,0 - MICRO,1945,1953,,,,4,0.1020
Dwight D. Eisenhower,,GOVERNANCE,PUBLIC,0 - MICRO,1953,1961,,,,9,0.0587
John F. Kennedy,,GOVERNANCE,PUBLIC,0 - MICRO,1961,1963,,,,34,0.1761
Lyndon B. Johnson,,GOVERNANCE,PUBLIC,0 - MICRO,1963,1969,,,,10,0.2220
Richard Nixon,,GOVERNANCE,PUBLIC,0 - MICRO,1969,1974,,,,7,0.1564
Gerald Ford,,GOVERNANCE,PUBLIC,0 - MICRO,1974,1977,,,,1,-0.1280
Jimmy Carter,,GOVERNANCE,PUBLIC,0 - MICRO,1977,1981,,,,10,0.0047
Ronald Reagan,,GOVERNANCE,PUBLIC,0 - MICRO,1981,1989,,,,10,-0.1450
George H. W. Bush,,GOVERNANCE,PUBLIC,0 - MICRO,1989,1993,,,,9,0.0110
Bill Clinton,,GOVERNANCE,PUBLIC,0 - MICRO,1993,2001,,,,27,0.0320
George W. Bush,,GOVERNANCE,PUBLIC,0 - MICRO,2001,2009,,,,10,-0.0421
Barack Obama,,GOVERNANCE,PUBLIC,0 - MICRO,2009,2017,,,,43,0.0062
Donald Trump,,GOVERNANCE,PUBLIC,0 - MICRO,2017,2021,,,,45,-0.0030
Joe Biden,,GOVERNANCE,PUBLIC,0 - MICRO,2021,2025,,,,11,-0.0113
Donald Trump 00,,,PUBLIC,0 - MICRO,,,,,,45,-0.0030
Governer of New York,,,PUBLIC,1 - MESO,,,,,,0,
Kathy Hochul,,,PUBLIC,0 - MICRO,2021,2026,,,,36,0.1200
Andrew Cuomo,,,PUBLIC,0 - MICRO,2011,2021,,,,43,-0.0171
David Paterson,,,PUBLIC,0 - MICRO,2008,2011,,,,2,0.0000
Eliot Spitzer,,,PUBLIC,0 - MICRO,2007,2008,,,,10,0.0223
George Pataki,,,PUBLIC,0 - MICRO,1995,2007,,,,8,0.2523
Mario Cuomo,,,PUBLIC,0 - MICRO,1983,1995,,,,13,-0.0517
Hugh Carey,,,PUBLIC,0 - MICRO,1975,1983,,,,2,0.3185
Malcolm Wilson,,,PUBLIC,0 - MICRO,1973,1975,,,,1,-0.1027
Nelson Rockefeller,,,PUBLIC,0 - MICRO,1959,1973,,,,10,0.2078
W. Averell Harriman,,,PUBLIC,0 - MICRO,1955,1959,,,,2,0.0000
Thomas E. Dewey,,,PUBLIC,0 - MICRO,1943,1955,,,,0,
Charles Poletti,,,PUBLIC,0 - MICRO,1942,1943,,,,1,-0.2500
Herbert H. Lehman,,,PUBLIC,0 - MICRO,1933,1942,,,,0,
Franklin D. Roosevelt 00,,,PUBLIC,0 - MICRO,1929,1933,,,,59,0.1702
Alfred E. Smith,,,PUBLIC,0 - MICRO,1923,1928,,,,10,0.0823
Nathan L. Miller,,,PUBLIC,0 - MICRO,1921,1922,,,,1,-0.2500
Alfred E. Smith 00,,,PUBLIC,0 - MICRO,1919,1920,,,,10,0.0823
Mayor of New York City,,,PUBLIC,1 - MESO,,,,,,16,0.0210
Zohran Mamdani,,,PUBLIC,0 - MICRO,2026,2026,,,,35,-0.0267
Eric Adams,,,PUBLIC,0 - MICRO,2022,2026,,,,37,0.0534
Bill de Blasio,,,PUBLIC,0 - MICRO,2014,2021,,,,50,0.0093
Michael Bloomberg,,,PUBLIC,0 - MICRO,2002,2013,,,,44,0.1377
Rudy Giuliani,,,PUBLIC,0 - MICRO,1994,2001,,,,10,0.0000
David Dinkins,,,PUBLIC,0 - MICRO,1990,1993,,,,10,0.1798
Ed Koch,,,PUBLIC,0 - MICRO,1978,1989,,,,18,-0.1657
Abraham Beame,,,PUBLIC,0 - MICRO,1974,1977,,,,0,
John Lindsay,,,PUBLIC,0 - MICRO,1966,1973,,,,9,0.1543
Robert F. Wagner Jr.,,,PUBLIC,0 - MICRO,1954,1965,,,,4,-0.1060
Vincent R. Impellitteri,,,PUBLIC,0 - MICRO,1950,1953,,,,0,
William O'Dwyer,,,PUBLIC,0 - MICRO,1946,1950,,,,0,
Fiorello La Guardia,,,PUBLIC,0 - MICRO,1934,1945,,,,10,-0.0244
John P. O'Brien,,,PUBLIC,0 - MICRO,1933,1933,,,,0,
Joseph V. McKee,,,PUBLIC,0 - MICRO,1932,1932,,,,0,
James J. Walker,,,PUBLIC,0 - MICRO,1926,1932,,,,6,0.0555
John Francis Hylan,,,PUBLIC,0 - MICRO,1918,1925,,,,0,
New York State Residents,,,PUBLIC,2 - MACRO,,,,,,8,0.1944
NYC Residents,,,PUBLIC,2 - MACRO,,,,,,10,0.1678
Weil Cornell Medicine,WCM,,PRIVATE,1 - MESO,,,,,,0,
Archdiocese of New York,,,PRIVATE,,1850,,,,,9,-0.0732
Roosevelt Island Historical Society,,,,,,,,,1,32,0.0378
,,,,,,,,,,,
President & CEO of the Urban Development Corporation,,,,,,,,,,0,
"President, CEO & Commissioner of Empire State Development",,,,,,,,,,0,
Bob,,,,,,,,,,31,0.1580
Jane: Director of goverment and Community relationship,,,,,,,,,,0,
Cathy,,,,,,,,,,10,-0.0030
Bob: Robert W. Balder: Gensler Family Sesquicentennial Executive Director of AAP NYC,,,,,,,,,,0,
