actor,abbrev,topic,type,scale,year_start,year_end
Roosevelt Island Operating Corporation,RIOC,"GOVERNANCE, ECONOMIC, COMMUNITY",PUBLIC,1 - MESO,,
Urban Development Corporation,UDC,"ECONOMIC, GOVERNANCE, INFRASTRUCTURE, COMMUNITY",PUBLIC,2 - MACRO,,
Federal Government,Fed,"COMMUNITY, HOUSING, TRANSIT, ECOLOGY, INFRASTRUCTURE, GOVERNANCE, ECONOMIC",PUBLIC,2 - MACRO,,
New York State Government,NYS,"COMMUNITY, HOUSING, TRANSIT, ECOLOGY, INFRASTRUCTURE, GOVERNANCE, ECONOMIC",PUBLIC,2 - MACRO,,
New York City Government,NYC,"COMMUNITY, HOUSING, TRANSIT, ECOLOGY, INFRASTRUCTURE, GOVERNANCE, ECONOMIC",PUBLIC,2 - MACRO,,
B.J. Jones,,GOVERNANCE,PRIVATE,0 - MICRO,,
NYC City Council,,GOVERNANCE,PUBLIC,2 - MACRO,,
RIOC Board of Directors,,,,1 - MESO,,
RIOC President & CEO,,,,0 - MICRO,,
NYS Division of Budget Director,,,,0 - MICRO,,
NYS Homes and Community Renewal Chair,,,,0 - MICRO,,
New York Police Department,,,,1 - MESO,,
Fire Department of New York,,,,1 - MESO,,
Metropolitan Transit Authority,,,,1 - MESO,,
Economic Development Committee,,,,1 - MESO,,
NYC Health + Hospitals,,,,1 - MESO,,
The Atlantic Philantrophies,,,,1 - MESO,,
Bloomberg Philanthropies,,,,1 - MESO,,
Jamsetji Tata,,,,0 - MICRO,,
Tata Group,,,,1 - MESO,,
Cornell University,,,,1 - MESO,,
Cornell Tech,,,,1 - MESO,,
The Related Company,,,,1 - MESO,,
Urban Intervention Group,,"INFRASTRUCTURE, GOVERNANCE",,1 - MESO,,
Roosevelt Island Associates,,"HOUSING, ECONOMIC",PRIVATE,1 - MESO,,
Becker + Becker,,,,1 - MESO,,
The Hudson Company,,,,1 - MESO,,
NYC Health + Hospitals/Coler,,,,1 - MESO,,
The Octagon,,,,1 - MESO,,
Manhattan Park,,,,1 - MESO,,
Northtown,,,,1 - MESO,,
Southtown,,,,1 - MESO,,
The Bloomberg Center,,,,1 - MESO,,
Graduate Hotel,,,,1 - MESO,,
Verizon Executive Education Center,,,,1 - MESO,,
Tata Innovation Center,,,,1 - MESO,,
The House,,,,1 - MESO,,
Sportspark,,,,1 - MESO,,
Roosevelt Island Racquet Club,,,,1 - MESO,,
Roosevelt Island Tramway,,,,1 - MESO,,
Roosevelt Island Steam Plant,,,,1 - MESO,,
Riverwalk Crossing,,,,1 - MESO,,
Roosevelt Island Subway Station,,,,1 - MESO,,
Riverwalk Heights,,,,1 - MESO,,
Riverwalk Park,,,,1 - MESO,,
Riverwalk Point,,,,,,
Blackwell House,,,,,,
Roosevelt Island Youth Center,,,,,,
St. Frances Xavier Cabrini Church,,,,,,
Roosevelt Island Library,,,,,,
Rivercross,,,,,,
Island House,,,,,,
Westview,,,,,,
Roosevelt Island Youth Center,,,,,,
Roosevelt Island Senior Center,,,,,,
The Landings,,,,,,
The Child School,,,,,,
The Roosevelt Island School PS/IS 217,,,,,,
Foodtown,,,,,,
Roosevelt Island Garden Club,,,,,,
Welfare Island Development Corporation,,,,,,
Welfare Island Operating Corporation,,,,,,
Ed Logue,,,,,,
Housing Finance Agency,,,,,,
New York City Housing Authority,,,,,,
NYC Department of Public Works,,,,,,
NYC Department of Transportation,,,,,,
C&C Apartment Management,,,,,,
Starrett Housing Corporation,,,,,,
Cohen Brothers Associates,,,,,,